http://www.idealpress.com/,Unnamed: 1
http://www.ala7rarq8.com/,
http://www.alyaum.com/,
http://omeldunya.com/,
http://www.sef.org/,
http://www.inauka.ru/,
https://www.cia.gov/library/publications/world-leaders-1/world-leaders-m/mauritania.html,
http://www.marxsociety.com/,
http://www.ohchr.org/EN/Countries/MENARegion/Pages/LYIndex.aspx,
http://www.mouvementsocial.org/index.aspx,
http://dojki.com/,
http://google.bg/,
https://www.hrw.org/,
http://www.passion.ru/,
http://www.abudhabiescort.com/,
http://www.liga.net/,
http://rybakov.spb.ru/,
http://suwannabhumi.tv/,
http://zekipedia.wordpress.com/,
http://www.nmg-news.com/bur/index.php,
http://www.angelfire.com/,
http://www.3rbe.com/,
https://news.ftv.com.tw/,
http://a-sadov.livejournal.com/,
http://internethaber.com/,
http://www.lottoland.pl/,
http://20minutes.fr/,
http://www.almisbar.com/salam_trans_a.html,
http://www.euro.who.int/,
http://filesonic.com/,
http://taimp3.net/,
http://www.almustaqbal.com/,
http://www.singapore-window.org/sw05/051123au.htm,
http://bloggeras.wordpress.com/,
http://cnnic.cn/,
http://ghamfin.org/,
http://www.geocities.com/comunismoenperu/,
https://www.tacticaltech.org/,
http://celebsters.com/,
https://www.fidh.org/en/region/Africa/mali/,
http://www.hrw.ru/,
http://niuche.com/,
http://mp3cool.la/,
http://www.renyurenquan.org/,
http://arapei.tempsite.ws/,
http://www.cbsnews.com/,
http://omeldunya.com/,
http://www.fotoartis.in/,
http://www.gopetition.com/,
http://www.responsa.co.il/,
https://en.iranwire.com/,
http://hinduexistence.wordpress.com/tag/the-telegraph-kolkata,
http://www.omg.com.tw/,
http://www.worldsexguide.com/,
http://yfrog.com/,
http://www.ong-egalite.tn/,
http://www.annaqed.com/,
http://cabar.asia/en/kyrgyzstan-2/,
http://www.afn.by/,
http://ansardin.wordpress.com/,
http://www.t411.ch/,
http://superfamous.com/,
http://www.reformatus.hu/,
http://www.education.gouv.fr/,
http://www.lasnoticiasmexico.com/,
http://www.latinamericanstudies.org/,
https://s3.amazonaws.com/0ubz-2q11-gi9y/en.html,
http://www.source.co.zw/,
http://www.gwkhan.20m.com/,
http://www.keng.com/,
https://secure.friendfinder.com/,
http://www.flickr.com/photos/miskan/4581554/,
https://www.periscope.tv/,
http://www.freegaypornfinder.com/,
http://www.spsrasd.info/,
http://www.hizb-ut-tahrir.org/,
http://www.khaosod.co.th/,
http://web.net2phone.com/,
http://3aneed.wordpress.com/,
http://au.groups.yahoo.com/group/Democracy_forBurma,
http://aliexpress.com/,
http://amazon.cn/,
http://www.rnma.org.ar/,
http://kamunikat.livejournal.com/,
http://upcparty.net/,
http://www.mekongwatch.org/,
http://kurtuluscephesi.org/,
http://gej.ru/,
http://kabar.kg/,
http://www.varresai.rj.gov.br/site/#banner_pos1,
http://blogs.wsj.com/indiarealtime/tag/arindam-chaudhuri,
http://www.modawanati.com/,
http://marde-rooz.com/,
http://www.torrentreactor.net/,
http://www.bbc.com/portuguese/,
http://clicksgear.com/,
http://www.thegrace.com/,
http://www.coptic.net/EncyclopediaCoptica/,
http://www.burmatoday.net/#Scene_1,
http://www.ech-chaab.com/,
http://www.bhrws.org/,
http://edition.cnn.com/2003/WORLD/asiapcf/southeast/02/03/thai.cambodia/,
http://www.gayalgerie.net/,
http://www.zensur.freerk.com/,
http://www.enferaad.com/default2.aspx?cid=-1,
http://www.bbc.co.uk/arabic/,
http://www.hosmubosmu.net/,
http://www.utorrent.com/,
http://www.jsoftj.com/,
https://www.tumblr.com/,
http://alrassedalliby.com/default.aspx,
http://www.arabicbible.com/,
http://www.williamhill.com/,
http://www.lavaplace.com/,
http://www.libya-alhora.com/forum/index.php,
http://www.hermanos.org/,
http://www.milta1980.co.uk/,
http://www.xrdarabia.org/,
https://censor.net.ua/,
http://www.smhric.org/,
http://www.voip-list.com/voip_billing_software/voip_billing_software_289.html,
http://www.glas.org/,
http://www.unipay2u.com/,
http://www.pen-international.org/pen-cambodia/,
http://www.polskieradio.pl/zagranica/by/,
http://www.microsofttranslator.com/,
http://omeldunya.com/,
http://novorossia-tv.ru/,
http://groups.yahoo.com/group/glaslebanon/,
http://www.toystore.co.il/,
http://rim.net/,
http://www.alnaddy.com/,
http://anonymouse.org/,
http://www.arabs2day.ws/,
http://www.dateinasia.com/,
http://www.afisha.ru/article/pussy-riot-against-putin/,
http://www.kickasstorrents.com/,
http://www.mofep.gov.gh/,
http://shop.cooleagle.com.tw/v2/official,
http://www.pdpinfo.org/,
http://www.unfpa.org/,
http://www.oswego.lib.il.us/,
http://www.multitran.ru/,
http://bbcarabic.com/,
https://www.youtube.com/watch?v=ZLApo1in-jo,
http://yellowpages.com/,
http://pokerstars.net/,
http://www.prakard.com/,
http://dembefm.ug/,
http://en.cubadebate.cu/,
http://www.uchaguzi.co.ke/,
http://www.wsws.org/,
https://globalvoices.org/2010/03/10/chile-earthquake-reveals-social-inequalities/,
http://www.nabanews.net/2009/,
http://www.casinoclub.com/,
https://www.akchabar.kg/,
http://viewsnnews.com/,
http://www.cewla.org/,
http://www.isscr.org/,
http://www.akbayan.org/,
http://www.ccspcambodia.org/,
http://www.thejakartapost.com/,
http://www.coptic.net/EncyclopediaCoptica/,
http://www.al-monitor.com/pulse/tr/home/turkey-pulse.html,
http://praatw.org/,
http://www.luaviet.org/viet/vietmain.htm,
http://www.islam.ru/,
http://santacruzdemontecastelo.pr.gov.br/,
https://www.youtube.com/user/orangelonely,
https://foursquare.com/,
http://kickme.to/,
http://www.ragnarokonline.com/,
http://www.bbcportuguese.com/,
http://www.luckynugget.com/,
http://fifabola.com/,
http://www.ng.ru/,
http://www.weibo.com/,
http://www.cbc.gov.tw/mp.asp?mp=1,
http://www.bbc.com/kyrgyz/,
http://google.az/,
http://looo.ch/,
https://www.factograph.info/,
http://www.nancyajram.com/,
http://pravo.org.ru/,
http://ca.gov/,
http://answering-islam.org/,
http://www.hereistheporn.com/,
http://kenvironews.wordpress.com/,
http://muskurahat.com/,
https://www.hrw.org/news/2015/08/11/bangladesh-stop-promoting-self-censorship,
http://www.gabileymedia.com/,
http://www.beyondexgay.com/,
http://www.mamba.ru/,
http://www.fantasiasguatemala.com/tabu/advertencia.html,
http://games.do7a.com/,
http://www.answering-islam.org/,
http://www.maktoob.com/mail/,
http://www.wtb.org.il/arabic/,
http://www.singapore-window.org/,
http://rapidgator.net/,
http://haramzadeler.weebly.com/,
http://www.musafar.com/,
http://www.flickr.com/photos/kuujiryo/4621614465/,
http://minorityrights.org/2016/03/24/8329/,
http://www.pansodan.com/,
http://www.greenwomen.kz/projects.htm,
http://reliefweb.int/,
http://minorityrights.org/country/algeria/,
http://www.newsline.kz/index.php,
http://www.bbc.co.uk/,
http://www.proxyload.net/,
http://slideshare.net/,
http://www.aif.kz/,
http://www.xrdarabia.org/,
https://www.microsoft.com/store/apps/windows-phone,
http://www.sadaalma.com.sa/,
http://gamsoft.ru/,
http://ritamp3.xyz/,
http://gayswithoutborders.wordpress.com/,
http://islamunveiled.livejournal.com/,
http://www.apwld.org/,
http://www.geocities.com/khyber007/,
http://www.fergananews.com/kazakhstan,
http://www.heretical.com/,
http://www.kayan.org.il/ar/,
http://www.lavaplace.com/,
https://freemuse.org/news/sierra-leone-musician-allegedly-censored-due-to-political-song/,
http://www.geocities.com/~dagmawi/Zebenya/Zebenya.html,
http://www.almktaba.com/,
http://www.afaqnews.net/,
http://google.dz/,
http://zh.globalvoicesonline.org/hant/category/world/east-asia/china/,
https://sites.google.com/site/thinnuanewsonline/phakh-ti-khbwn-ka-rphulo,
http://www.kharjhome.com/,
http://www.weprox.net/,
http://www.siamboy.com/,
http://love.mail.ru/,
http://google.com.br/,
http://ning.com/,
http://www.ecoshuacho.com/,
http://www.photl.com/,
http://niva.bialystok.pl/,
http://radiokhmer.org/,
http://www.coptic-history.org/,
http://www.thekoran.com/,
http://arabic.peopledaily.com.cn/,
http://www.myusvpn.com/,
http://exmuslim.wordpress.com/,
https://shahvani.com/,
https://www.hrw.org/news/2016/09/29/bangladesh-stop-kneecapping-detainees,
http://www.passapalavra.info/,
http://ibishasha.wordpress.com/,
http://blog.meta.ua/,
http://www.aardip.org/,
http://groups.yahoo.com/group/angladlad/,
http://www.expert.ru/tags/countries/georgia/,
http://www.saintmarysdubai.org/,
http://www.enom.com/,
http://www.riodooeste.sc.gov.br/,
http://www.rudygiron.com/,
http://www.aljazeeratalk.net/,
http://www.peoplepower21.org/,
http://www.americanprogress.org/issues/china/view/,
https://www.fajrbh.com/,
http://www.littlespeck.com/,
http://www.phroon.com/sex/default.asp,
http://www.efrin.net/,
http://www.bibleprobe.com/muhammad-cartoons.htm,
http://www.ajel.sa/,
http://www.hambastegimeli.com/,
http://diplomaticsecondpassport.com/,
http://www.arabruleoflaw.org/,
http://navalny.livejournal.com/,
http://cenusadi.wordpress.com/,
http://qtv.qa/,
http://www.1c-bitrix.ru/,
http://www.stou.ac.th/,
http://krishtafovitsh.livejournal.com/,
http://www.prophetofdoom.net/,
http://compromat.ru/,
http://www.14masom.com/,
https://zh.globalvoicesonline.org/hans/category/world/east-asia/china/,
http://a-privalov.livejournal.com/,
http://www.cewla.org/,
http://members.tripod.com/~thadoe_aung/absdo.html,
http://ansardin.wordpress.com/,
http://www.khatm-e-nubuwwat.com/,
https://bebo.com/,
http://store.steampowered.com/,
http://onlinevideoconverter.com/,
http://www.ecigbangkok.com/,
http://cricbuzz.com/,
http://www.chinadevelopmentbrief.org.cn/,
http://www.tchadenligne.com/,
http://bhaskar.com/article/nat-violence-in-up-3664966-nor.html?ht2=,
http://www.thekoran.com/,
http://www.drumpublications.org/,
http://www.arabmail.de/,
http://anbia.tripod.com/,
http://www.backtojerusalem.com/,
http://www.aghaghi.com/,
http://www.nocutnews.co.kr/,
http://nirmanblog.com/,
http://www.itaquitinga.pe.gov.br/portal/,
http://stream.aljazeera.com/story/201306250132-0022854,
http://thaigirlsnaked.com/,
http://www.photobucket.com/,
http://www.theafricareport.xxx/,
http://www.healthtoday.net/,
http://rwaho.wordpress.com/,
http://www.dmc.tv/,
http://www.cewla.org/,
http://www.rambler.ru/,
http://birgun.net/,
https://www.sibreal.org/,
https://www.youtube.com/user/standardgroupkenya,
http://www.americanprogress.org/,
http://google.by/,
http://www.awakening.org.tw/chhtml/index.asp,
https://www.awid.org/news-and-analysis/mali-no-peace-building-without-women,
http://www.gayly.ru/,
https://www.google.com/earth/,
http://www.cascavel.pr.gov.br/,
http://www.al-madina.com/,
http://www.juventudcatolica.org/jovenesguatemala.htm,
http://www.dassk.com/,
http://fivethirtyeight.com/,
http://www.grani.ru/,
http://kenyans.us/,
http://www.laarena.com.ar/,
http://www.zimdaily.com/,
http://www.bypassthat.com/,
http://citizentube.com/,
http://www.cinemahd.net/desktop-enhancements/wallpaper/23945-wallpapers-beautiful-girl-wallpaper.html,
http://www.galilcol.ac.il/,
http://www.arabgames.com/,
http://radiopmr.org/,
http://bahai-books.org/,
http://www.pmsji.sc.gov.br/,
http://www.mokarabat.com/,
http://www.hrinfo.net/,
http://google.com.do/,
http://www.galilcol.ac.il/,
http://www.xanga.com/,
http://www.infonet.com.br/josecristiangoes,
http://www.bbc.com/mundo/,
http://uk.geocities.com/juche1961/,
http://www.malitel.ml/,
http://securenetworks.persianblog.com/,
http://www.afroromance.com/,
http://www.althaqlain.com/,
http://pau-novosti.ucoz.ru/,
http://adidas.tmall.com/,
http://www.marco.ce.gov.br/index.php,
http://www.internetfreedom.us/,
http://memoireonline.com/,
http://www.heretical.com/,
http://vesti.kg/,
http://www.thekoran.com/,
http://www.paruskg.info/,
http://www.aaci.org.il/,
http://www.taiznet.net/,
http://www.raymondedde.org/org_const.html,
https://www.republik.ch/2018/03/26/ubs-in-the-jungle,
http://www.almisbar.com/salam_trans_a.html,
http://ugandasafaritrail.com/,
http://kurdishmusic.eu/,
http://www.jasarat.com/,
http://gennbalashov.hiblogger.net/,
http://google.ch/,
http://ahmadiyya.net/,
http://community.livejournal.com/anorexicqueen/,
http://www.fuerzaciudadana.org.mx/,
https://ega.or.th/,
http://aminbozorgian.wordpress.com/,
http://www.arrc-hre.com/,
http://www.jazannews.org/,
https://www.ashleymadison.com/,
http://freemuse.org/,
https://identi.ca/,
http://www.vtunnel.com/,
http://www.usum.org/stuff/,
http://mentbuster.livejournal.com/,
http://charter97.livejournal.com/,
http://www.lebweb.com/,
http://staples.com/,
http://www.ournation-school.com/,
http://www.toystore.co.il/,
https://www.youtube.com/user/VOAazerbaijani/,
http://www.queme.net/,
http://globalvoicesonline.org/,
http://www.sos-reporters.net/,
http://www.tradus.com/,
http://www.thekoran.com/,
http://www.wetrees.org/,
http://research.jmsc.hku.hk/social/obs.py/sinaweibo/,
http://giochitalianids.com/,
http://mail.ru/,
http://nedelya.net.ua/,
http://www.hola.org/,
http://www.saojoaquim.sc.gov.br/,
http://www.pefghana.itgo.com/,
https://home.pearsonvue.com/,
http://www.iseemp3.com/,
http://www.lavaplace.com/Personals/Syrian-Arab-Republic/SY/,
https://ooni.torproject.org/,
http://www.gaarhaye.com/,
http://www.alblebanon.com/,
http://vicentinopolis.go.gov.br/site/index.aspx,
http://banyalba.com/,
https://www.youtube.com/user/muntezirtv,
http://burundi-forum.link/,
http://www.pravdabeslana.ru/,
http://www.yen-news.com/,
http://www.pinglacson.com.ph/,
http://vnhrnet.org/,
http://www.al-monitor.com/,
https://www.eff.org/deeplinks/2015/12/haphazard-censorship-stifles-shaken-bangladesh,
http://www.eskimi.com/,
http://kp.ua/,
http://nawaat.org/portail/,
http://alibaba.com/,
http://anonym.to/,
http://www.freedominfo.org/,
http://rpp.pe/mundo/venezuela/fotos-las-escenas-que-va-dejando-la-madre-de-todas-las-marchas-en-venezuela-noticia-1045077,
http://flibusta.net/,
https://telegram.org/,
http://www.web-proxy.co/,
http://www.heretical.com/,
http://www.bbctamil.com/,
http://www.blog.saude.gov.br/,
http://www.wsws.org/ru/1999/dez1999/heal-d03.shtml,
http://www.apn.ru/,
http://www.fox.az/,
http://www.alleastafrica.com/,
http://internews.ua/,
http://dtunnel.com/,
http://world.time.com/,
http://www.nancyajram.com/,
http://uk.geocities.com/sinchonri/,
http://www.equalitynow.org/,
http://ndrive.naver.com/,
http://www.bbcpersian.com/,
http://www.btselem.org/arabic,
https://www.youtube.com/channel/UCkNtoGhF7k56oJH2fqZixKA,
http://www.shia.org/,
http://michellemalkin.com/,
http://www.epochtimes.com/b5/nf1942.htm,
http://www.arabianfest.com/food_area.htm,
http://www.time.kz/,
http://www.allahsassurance.com/,
http://t0.gstatic.com/images?q=tbn:and9gcsch-hre979-1xz2ymqpegmp9x3y8a_p26brhmriqcui34cqs1s,
http://www.khayma.com/,
http://livetv107.net/,
http://www.defcon.org/,
http://tantifilm.com/,
http://www.arabicbible.com/,
https://strongvpn.com/,
http://www.hosting.kg/,
http://www.saoluiz.rr.gov.br/,
https://www.youtube.com/watch?v=-QhHM4w5JLQ,
http://www.araboo.com/,
http://www.eviza.az/,
http://cineblog01.top/,
http://ags.demokratia.ru/,
http://www.jino.ru/,
https://withdraw.web.money/,
http://www.arabwomenorg.org/,
http://today.reuters.com/,
http://www.ntn24.com/,
http://bahai-books.org/,
http://businessinsider.com/,
http://uclouvain.be/,
http://www.tumblr.com/,
http://www.aids.ua/projects/hivukraineallnews.html,
http://tehranreview.net/,
http://jpnauction.com/,
http://www.vicentinopolis.go.gov.br/,
http://www.thaigmc.com/,
http://www.antifa.com.ua/,
http://makemytrip.com/,
http://pakistaniat.wordpress.com/,
http://azh.kz/ru/,
http://dochebaloch.persianblog.com/,
http://minorityrights.org/minorities/bahai-of-egypt/,
http://www.toystore.co.il/,
http://www.bomlugar.ma.gov.br/,
http://www.bbc.com/swahili/,
http://www.hrw.ru/,
http://answering-islam.org/,
http://elestimulo.com/,
http://www.top20.md/,
http://kyrgyzmedia.com/,
http://novostipmr.com/ru,
http://appledaily.com.tw/,
http://www.latinamericanstudies.org/cuba.htm,
http://answering-islam.org/,
http://otto.de/,
http://www.award.kz/,
http://www.corriere.it/,
http://www.itatim.ba.gov.br/,
http://r10.net/,
http://www.publicproxyservers.com/,
http://www.download.ru/,
http://www.bbc.com/news/world-latin-america-19649652,
http://www.ohchr.org/EN/Countries/AfricaRegion/Pages/MLIndex.aspx,
http://www.radikal.com.tr/Radikal.aspx?aType=Radikal,
http://anbia.tripod.com/,
http://www.babylon-x.com/,
http://www.arablounge.com/,
http://www.cnews.ru/,
http://www.agava.ru/hosting/,
http://www.medialaw.kz/,
http://www.cubaminrex.cu/CDH/61cdh/CDH_61_Index.htm,
http://www.newhabari.com/mtanzania/,
http://teenadvice.about.com/,
http://minorityrights.org/minorities/southerners/,
http://www.amazon.com/Kingdom-Crisis-Thailands-Democracy-Twenty-First/dp/1783600578,
http://blogdadilma.blog.br/,
http://www.eliehobeika.com/,
http://www.alanwar.com/,
http://imrussia.org/en,
http://4shared.com/,
http://www.silibank.com/,
http://www.slashdot.org/,
http://www.radiouniversal.cl/2015/,
http://www.cars-club.com/,
http://www.acidsurvivors.org/,
http://grani.ru/blogs/free/entries/192925.html,
http://www.khodorkovsky.ru/,
http://mondoweiss.net/,
http://www.bet365.com/en/,
http://kvinfo.org/,
http://trafficstars.com/,
http://redsiam.wordpress.com/,
http://www.shrc.org/,
http://www.i-gamer.net/webgame/,
http://anf-ajans.com/,
http://beaverdentist.com/,
http://www.naharnet.com/,
http://www.hadatha4syria.com/,
http://www.wcc-coe.org/,
http://iararat.wordpress.com/,
http://www.sadaalma.com.sa/,
http://www.ohchr.org/EN/countries/LACRegion/Pages/CUIndex.aspx,
https://sites.google.com/site/libyafuture1/,
http://acfode.org/,
http://exame.abril.com.br/rede-de-blogs/sidnei-oliveira/,
http://justicewomen.com/,
http://www.maktoobblog.com/,
http://www.med2000.ru/,
http://www.santahelena.go.gov.br/,
http://community.livejournal.com/openrussia/,
http://www.rezgar.com/,
http://www.host.md/,
http://altadefinizione.io/,
http://www.partidoverde.org.co/,
http://www.gurekian.com/gharabagh/index.html,
http://www.runbanana.com/,
https://www.avaaz.org/page/en/,
http://google.nl/,
http://www.asiatour.com/,
http://www.arabwomenorg.org/,
http://google.com.sa/,
http://www.curaca.ba.gov.br/,
http://alhiad.net/,
http://www.bolsevikparti.org/,
http://www.myntra.com/,
http://www.pri.org.mx/ReconstruccionXXI/Elecciones/Informe_Elecciones.pdf,
http://www.coptic.net/,
https://www.theguardian.com/us/environment,
http://sangam.org/topics/human-rights/,
http://www.arabruleoflaw.org/,
http://www.vnhrnet.org/,
http://www.lr21.com.uy/,
http://www.playpark.com/th/,
http://www.bbcswahili.com/,
http://www.bbcsomali.com/,
http://leboncoin.fr/,
http://www.detarabiskeinitiativ.dk/ar/,
http://omen.ru/,
http://www.people.com.cn/,
http://ambenatna.over-blog.com/,
http://www.tripod.lycos.co.uk/,
http://www.santacruz.com.tw/,
http://www.epersianradio.com/,
http://reconciliacioncubana.wordpress.com/,
http://jamagat.wordpress.com/,
http://itafilm.tv/,
http://muhammadorjesus.googlepages.com/home,
http://www.sahafi.jo/,
http://paranaportal.uol.com.br/cidades/cidades-paranaenses-tem-protestos-contra-governo-michel-temer/,
http://peersmyanmar.wordpress.com/,
http://ncvaonline.org/,
http://www.islamdin.com/,
http://gayindonesiaforum.com/,
http://cyxymu.livejournal.com/280294.html,
http://www.zvezda.ru/,
http://www.oddsring.com/,
http://www.williamhill.com/,
http://www.elchubut.com.ar/,
http://www.geocities.com/no-islam2000/,
http://www.tiananmenmother.org/,
http://onekorea.org/,
http://www.sistersunited.org/,
http://www.tawhed.ws/,
http://matchendirect.fr/,
http://www.pri.org.mx/ReconstruccionXXI/NuestroPartido/DocumentosBasicos/documentosbasicos.aspx,
http://webneveshteha.com/weblog/,
http://www.ucc.org/,
http://lazada.co.id/,
http://www.mrtv4.com.mm/,
http://www.servermind.com/network.html,
http://www.gezitter.org/,
http://www.exorthodoxforchrist.com/mauritania_and_hidden_islamic_slavery.htm,
http://getpocket.com/,
http://www.alyamamah.net/,
http://www.africanzone.com/,
http://blogseo.ru/,
http://www.alnour.com/,
http://th.y8.com/,
http://www.alshiraa.com/,
http://banking.guarantee.ru/,
http://neweurasia.net/,
https://www.youtube.com/watch?v=XDWXvKzLYwk,
http://www.gaaloos.com/,
http://mentalprograms.narod.ru/,
http://hamas.ps/,
http://meta.ua/,
http://google.co.uk/,
http://www.colegiosaocarlos.com.br/forum/index.php?action=stats,
http://blogseo.ru/,
http://www.hajr.org/,
http://www.89.com/,
http://bintray.com/,
https://www.alaraby.co.uk/,
http://livescore.com/,
http://www.misoprostolandmifepristonephilippines.com/,
https://www.google.com/transparencyreport/,
http://6topoder.com/,
http://pussy-riot.livejournal.com/12442.html,
http://www.exu.pe.gov.br/novo_site/,
http://www.staquino.mg.gov.br/,
http://english.mwmpak.org/,
http://dvdvideosoft.com/,
https://imgur.com/,
http://www.marcha.org.ar/,
http://www.qorahay.com/,
http://weedhash.biz/,
http://www.jssc.org.jo/index.php/ar/,
http://www.guyanaoutpost.com/guyana.shtml,
http://www.globalgayz.com/gay-gabon/,
http://www.maravilha.sc.gov.br/,
http://google.com.sg/,
http://mexico.indymedia.org/tiki-index.php?page=RepresionOaxaca,
http://pornolab.net/,
http://www.ramla.muni.il/,
http://vesinfiltro.com/,
http://www.daia.org.ar/,
http://filmikz.ch/,
http://lurkmore.to/,
http://lovexxxhd.com/,
http://www.bbc.com/thai,
http://www.astrospeak.com/,
https://ccc.de/,
http://arabic.arabianbusiness.com/,
http://lahore.metblogs.com/,
http://www.globalgayz.com/g-syria.html,
https://www.youtube.com/user/chuacuuthe,
http://upload.freeupload2u.com/,
http://www.scmp.com/,
http://www.toystore.co.il/,
http://www.matraqueando.com.br/,
http://www.uluchay.org/,
http://www.guateamala.com/,
http://www.myspace.com/video/satishsethswan/why-our-alsatian-dog-felt-restless-describes-satish-seth-swan/108188726,
http://www.stereokiller.com/index.cfm,
http://creepingsharia.wordpress.com/2010/04/26/cartoonist-behind-everybody-draw-mohammed-day-poster-getting-nervous/,
http://www.antoloji.com/,
http://daum.net/,
http://www.diariogaucho.com.br/,
http://www.tranexp.de/NeuroTran.htm,
http://www.carasycaretas.org.ar/,
http://www.presidentetancredoneves.ba.gov.br/,
http://paste.awesom.eu/,
http://avtopmr.com/,
http://shopclues.com/,
http://www.uneca.org/index.htm,
http://alyom.co.il/,
http://www.mediafax.ro/,
http://www.renyurenquan.org/,
https://www.youtube.com/channel/UCTLF1HhCTqzh1pL6ZhU6yAg,
http://www.euthanasia.cc/,
http://www.perevedem.ru/,
http://www.al-monitor.com/pulse/home.html,
http://www.santoantoniodabarra.go.gov.br/,
http://www.ifes.org/,
http://www.knesset.gov.il/,
http://www.libyaimal.com/,
http://mexico.indymedia.org/tiki-list_file_gallery.php?galleryId=48,
http://www.pri.org.mx/ReconstruccionXXI/Publicaciones/Examen.aspx,
http://www.mumhouse.com/,
https://redflag.org.au/node/5302,
http://www.iconnecthere.com/,
http://uzone.id/,
https://www.goodreads.com/,
http://www.alaraby.co.uk/,
http://www.shamshadtv.tv/pashto/,
http://www.pravda.com.ua/,
http://www.amazon.com/,
http://www.vnfa.com/,
http://ucdc.gov.ua/,
http://www.rambler.ru/,
http://www.isis.cl/,
https://tweetdeck.twitter.com/,
http://www.top10bestvpn.com/,
http://www.coromandel.mg.gov.br/,
http://www.benedelman.org/,
http://www.netlog.com/,
https://vimeo.com/,
https://riseup.net/,
http://www.kommersant.ru/,
http://www.geocities.com/ahangark/,
http://www.evemodels.com/agadir-escorts.html,
http://www.bayynat.org/,
http://www.shamilonline.org/,
http://nakanune.kz/,
http://sexbomba.ru/,
http://e-coms.ru/101/,
http://zoho.com/,
http://tribun.com.ua/,
https://womenhelp.org/,
http://123rf.com/,
http://www.islamawareness.net/Asia/India/muslims_in_india.html,
http://mail.yandex.ru/,
http://www.abudhabiescort.com/,
http://www.zedbooks.net/shop/book/a-kingdom-in-crisis/,
http://weblio.jp/,
http://filmicafe.com/,
https://www.cia.gov/library/publications/the-world-factbook/geos/ba.html,
http://www.derechos.net/,
http://www.globalgayz.com/,
http://www.toolur.com/,
http://imgur.com/,
http://www.rtunnel.net/,
http://arabic.arabianbusiness.com/,
http://gamsoft.ru/,
https://globalvoicesonline.org/,
http://www.alalam.ir/,
http://de.lirio.us/,
http://south-gir.livejournal.com/,
http://namarsh.ru/,
http://www.zonakz.net/,
http://channel28news.com/,
http://www.light-of-life.com/,
http://www.rezgar.com/,
http://wn.com/kuwait_financial,
http://www.light-of-life.com/,
http://www.lavaplace.com/,
https://www.1tv.ru/,
http://www.nazarnews.com/,
http://www.amardeshbd.com/,
http://delo.kg/,
https://worldofwarcraft.com/,
http://zakon-pmr.com/,
http://www.althaqlain.com/,
http://www.khayma.com/,
http://www.about.com/,
http://www.hoveyda.org/,
https://globalvoicesonline.org/,
http://www.parana-online.com.br/,
http://www.mirimdoce.sc.gov.br/,
http://free.newyork.ru/,
http://www.sigloxxi.org/,
http://albertomuller.net/,
http://hotzone.yahoo.com/,
http://vietnamnet.vn/,
http://www.hizb-ut-tahrir.org/,
http://www.lavaplace.com/,
http://www.afghan123.com/,
https://www.youtube.com/user/cambodianmonkimnsj,
http://www.kenyans.co.ke/news/activist-shot-dead-nairobi,
http://addalinews.com/,
http://www.unfpa.org/profile/ethiopia.cfm,
http://www.maktoob.com/,
http://balachon.livejournal.com/,
http://www.protest.net/,
http://wp.pl/,
http://www.ptfmalaysia.org/,
http://www.bbc.com/somali/,
http://www.chuavietnam.com/,
http://ansardin.wordpress.com/,
http://www.bbc.co.uk/persian/,
https://www.alaraby.co.uk/,
http://pinimg.com/,
http://www.freesindh.org/,
http://www.seeproxy.me/,
http://www.reforma.com/,
http://yementimes.com/,
http://blogspot.com/,
http://www.ahmadiyyat.info/,
http://karachi.metblogs.com/,
http://www.bbc.com/turkce/,
http://www.new-nation.net/,
http://persian.cri.cn/,
https://www.spotify.com/,
https://www.yahoo.com/,
http://www.oswego.lib.il.us/,
http://absdf8888.org/,
http://www.cronica.com.mx/refresh.php,
http://seapa.wordpress.com/,
http://www.cewla.org/,
http://www.owl.ru/win/women/sisters/index.htm,
https://www.bwin.com/,
http://www.arabmail.de/,
http://www.inauka.ru/,
http://watchmygf.me/,
http://hronlineph.com/,
http://www.lesben-gegen-gewalt.de/,
http://www.ohchr.org/RU/Countries/ENACARegion/Pages/UAIndex.aspx,
http://www.aljoumhouria.com/,
http://www.andenet.com/,
http://elwatani.com/ara/,
http://www.floreal.sp.gov.br/,
http://www.basket.co.il/,
https://www.hrw.org/news/2016/01/27/malaysia-crackdown-rights-intensifies,
http://www.al-awassef.com/forum/,
http://www.brejogrande.se.io.org.br/,
http://www.tawhed.ws/,
http://freepromote.ru/,
http://russian.eurasianet.org/resource/kyrgyzstan,
http://adexc.net/,
http://nyeinchan.com/wordpress/,
http://espora.org/revueltas/,
http://mp3.plus/,
http://cafe.daum.net/stopcjd,
http://pravo.org.ru/,
http://lostallhope.com/,
https://riseup.net/,
http://hh.ru/,
http://www.gaytelaviv.com/,
http://www.ellitoral.com.ar/,
http://www.arabic-club.de/,
http://www.2519.net/,
http://rezaghassemi.org/,
http://www.elecciones.com.co/,
http://123music.mobi/,
http://vidics.ch/,
http://www.vnyouth.com/,
http://imagebingo.naver.com/,
https://play.google.com/store/apps/details?id=kr.faceting,
http://esquire.kz/,
http://www.time.com/,
http://wikiwiki.jp/,
http://www.mchost.ru/,
http://www.alrai.com/,
http://www.bestrussiandating.com/,
http://coursera.org/,
http://www.14masom.com/,
http://www.almisbar.com/,
http://www.al-ketab.net/,
http://qiqru.org/,
http://trulia.com/,
http://www.donia-alyoum.com/,
http://exame.abril.com.br/rede-de-blogs/blog-do-management/,
https://www.bwin.com/,
http://www.wujie.net/,
http://google.co.nz/,
http://pravdanaroda.info/,
http://www.cruzeirodosul.pr.gov.br/,
http://abril.com.br/,
http://www.suriyanchantra.com/,
http://campaigns.ahrchk.net/susunwe/,
http://www.spinner.com/category/mp3-of-the-day/,
http://www.agi.it/,
http://altadefinizione01.top/,
http://www.kashmir-information.com/,
http://www.pokerstars.com/,
http://glavpost.com/,
http://chinalawandpolicy.com/,
http://www.yahosein.com/,
http://www.luaviet.org/,
http://www.lomography.com/,
http://www.lucrecia.rn.gov.br/,
https://www.hrw.org/news/2016/02/19/sri-lanka-after-tigers,
http://www.almisbar.com/,
http://www.qazaquni.kz/,
http://1-search-engine-marketing.net/socks-proxies-search.html,
http://www.match.com/,
http://www.dwatch-bd.org/,
http://nr2.com.ua/,
http://www.garammarket.com/,
http://tongil-i.net/,
http://time.com/world/,
http://www.hrcbm.org/images/manik_murder.html,
https://redtube.com/,
http://groups.yahoo.com/group/a7la_arab/,
http://www.hadath.net/,
http://minorityrights.org/country/sierra-leone/,
http://homedepot.com/,
http://www.indianexpress.com/news/iipm-not-recognized-can-t-award-degrees-ugc/987618,
http://gayswithoutborders.wordpress.com/,
https://www.youtube.com/channel/UC-hpv4fl9cNOXENouHus9Gg,
http://www.geocities.com/gayuganda/,
http://rpr.org.ua/,
http://www.militar.com.br/,
http://kub.info/,
http://www.glas.org/,
http://www.xanga.com/kinkybluefairy,
http://www.refugee.ru/,
http://www.downloaddoo.com/,
http://ccc-br.blogs.sapo.pt/,
http://glazev.ru/,
https://www.youtube.com/channel/UC4a2DkDqH8ZqiGxeJVpueuw,
http://muhammadorjesus.googlepages.com/home,
http://www.theworld.org/2011/09/the-consequences-of-irans-lake-orumiyeh-drying-up/,
http://worldsingles.com/,
http://lgbtnet.ru/,
http://www.al-monitor.com/,
http://www.contact.md/,
http://www.pmang.com/,
http://www.itambaraca.pr.gov.br/,
http://www.anti-cair-net.org/,
http://www.prefrolante.com.br/,
http://www.tudodanchuvn.com/,
http://www.adr.org.lb/,
http://www.yangonmedia.com/,
http://www.onekorea.org/,
http://moladz.org/,
http://www.islam.ru/hutba/halifat/,
http://map.naver.com/,
http://www.kavkaz-uzel.eu/,
http://www.qatarw.com/,
http://login.wmtransfer.com/,
http://holmogor.livejournal.com/,
https://proximize.me/,
http://www.bbc.com/somali/,
http://www.yrdp.org/,
http://www.tfrd.org.tw/,
http://gundeliyim.wordpress.com/,
http://shohani.ir/,
http://www.chaipat.or.th/,
http://www.brinkster.com/,
http://klubradio.hu/,
http://www.cdl.com.lb/index.asp,
http://www.alalam.ir/,
http://www.kickassclassical.com/,
http://www.el-ladies.com/,
http://bigthink.com/blogs,
http://www.cherryasia.com/,
http://www.forest.ru/,
http://www.sneakzorz.com/,
http://www.drudgereport.com/,
http://depositfiles.com/,
http://www.kickasstorrents.com/,
http://ifeng.com/,
https://www.yam.com/,
http://ciespal.org/,
http://www.globalgayz.com/country/Malaysia/MYS,
http://guardarefilm.tv/,
http://www.femalehealth.com/,
http://anbia.tripod.com/,
http://www.cdl.com.lb/,
http://www.comendadorgomes.mg.gov.br/,
http://stopthekillings.org/,
http://www.vietcircles.com/,
http://www.cheki.com.gh/,
http://cafeneveshteh.com/,
http://a-sadov.livejournal.com/,
http://www.freedomhouse.org/,
http://www.huffpostarabi.com/,
http://www.asiamedia.ucla.edu/,
http://www.zzn.com/,
http://www.bhrs.org/,
http://iranshahrnewsagency.com/,
http://anidalton.blogfa.com/,
http://www.itapemirim.es.gov.br/,
http://www.merip.org/mer/mer206/aids-hotline-cairo,
http://www.dailymail.co.uk/,
https://www.hrw.org/africa/lesotho,
http://youku.com/,
http://uk.geocities.com/,
http://uhrp.org/,
http://www.arabic-club.de/,
http://www.zaatv.com/,
http://adenprovince.net/,
http://www.martus.org/,
http://tunisiatimes.tn/,
http://www.cristodeesquipulas.com/,
http://www.transparency.org.ru/,
http://www.asiamedia.ucla.edu/,
http://uapress.info/,
http://www.jazannews.org/,
http://aragontrack.com/,
http://www.resende.rj.gov.br/home/,
http://www.ugandaeconomy.com/,
https://telegram.me/PMOI_Arabic,
http://empressmaruja.wordpress.com/,
http://istina.com.ua/,
http://www.ethiopians.com/hright.html,
